{
  "kalman": {
    "mean_error": 2.415158117369465,
    "std_error": 0.8402812200250641,
    "max_error": 7.189425435666194,
    "min_error": 0.06283427513883122,
    "mse": 3.2695306303112126,
    "mae": 1.5567418376955018,
    "r2": 0.9198294504834983
  },
  "lstm": {
    "mean_error": 10.0223601409139,
    "std_error": 13.565606414241351,
    "max_error": 45.02926075084686,
    "min_error": 0.0,
    "mse": 142.23669009014287,
    "mae": 6.76117744866517,
    "r2": -2.487715790217167
  },
  "ensemble": {
    "mean_error": 4.7895718131916585,
    "std_error": 5.030861329485264,
    "max_error": 18.083676325903465,
    "min_error": 0.011039183212687296,
    "mse": 24.12478193511515,
    "mae": 3.1930127145174065,
    "r2": 0.4084481097154137
  }
}