{
  "kalman": {
    "mean_error": 2.2683619695335895,
    "std_error": 0.8821944242082435,
    "max_error": 7.520330926284416,
    "min_error": 0.06283427513883122,
    "mse": 2.9618665134652096,
    "mae": 1.41657159581391,
    "r2": 0.9486251007646663
  },
  "lstm": {
    "mean_error": 6.690257628571003,
    "std_error": 11.383608991812583,
    "max_error": 44.96779634408242,
    "min_error": 0.0,
    "mse": 87.17305040756443,
    "mae": 4.526683808156779,
    "r2": -0.5120555434774445
  },
  "ensemble": {
    "mean_error": 3.536780173497726,
    "std_error": 4.273454360702372,
    "max_error": 18.057661834830125,
    "min_error": 0.011039183212687296,
    "mse": 15.385613084326373,
    "mae": 2.3324997239937773,
    "r2": 0.7331296605408675
  }
}