{
  "kalman": {
    "mean_error": 2.2683619695335895,
    "std_error": 0.8821944242082435,
    "max_error": 7.520330926284416,
    "min_error": 0.06283427513883122,
    "mse": 2.9618665134652096,
    "mae": 1.41657159581391,
    "r2": 0.9486251007646663
  },
  "lstm": {
    "mean_error": 7.553546220788908,
    "std_error": 11.635558923012711,
    "max_error": 45.02926075084686,
    "min_error": 0.0,
    "mse": 96.22114598024744,
    "mae": 5.033855746845075,
    "r2": -0.668998807532388
  },
  "ensemble": {
    "mean_error": 3.8663984399450433,
    "std_error": 4.344352868716625,
    "max_error": 18.083676325903465,
    "min_error": 0.011039183212687296,
    "mse": 16.911219372167924,
    "mae": 2.51940621920718,
    "r2": 0.7066673372206469
  }
}