{
  "kalman": {
    "mean_error": 2.354121064990224,
    "std_error": 0.7734522915701691,
    "max_error": 2.8043632266713083,
    "min_error": 0.06283427513883122,
    "mse": 3.0700572179829275,
    "mae": 1.5097269435109597,
    "r2": 0.9385957230887186
  },
  "lstm": {
    "mean_error": 16.814028087892513,
    "std_error": 16.52608529437027,
    "max_error": 45.02926075084686,
    "min_error": 0.0,
    "mse": 277.9115178486198,
    "mae": 11.416291649578977,
    "r2": -4.558513925686083
  },
  "ensemble": {
    "mean_error": 7.119248313430377,
    "std_error": 6.201258178502739,
    "max_error": 18.083676325903465,
    "min_error": 0.011039183212687296,
    "mse": 44.5696497723642,
    "mae": 4.778450423495012,
    "r2": 0.10856152763850513
  }
}