{
  "kalman": {
    "mean_error": 2.354121064990224,
    "std_error": 0.7734522915701691,
    "max_error": 2.8043632266713083,
    "min_error": 0.06283427513883122,
    "mse": 3.0700572179829275,
    "mae": 1.5097269435109597,
    "r2": 0.9385957230887186
  },
  "lstm": {
    "mean_error": 15.113570891354389,
    "std_error": 16.681645557066997,
    "max_error": 44.96779634408242,
    "min_error": 0.0,
    "mse": 253.34866178980397,
    "mae": 10.42977929569544,
    "r2": -4.067231741649648
  },
  "ensemble": {
    "mean_error": 6.561984210284893,
    "std_error": 6.227964459300864,
    "max_error": 18.057661834830125,
    "min_error": 0.011039183212687296,
    "mse": 40.92358904117148,
    "mae": 4.468063438502115,
    "r2": 0.18148646254268297
  }
}