{
  "kalman": {
    "mean_error": 2.415158117369465,
    "std_error": 0.8402812200250641,
    "max_error": 7.189425435666194,
    "min_error": 0.06283427513883122,
    "mse": 3.2695306303112126,
    "mae": 1.5567418376955018,
    "r2": 0.9198294504834983
  },
  "lstm": {
    "mean_error": 8.936683308400921,
    "std_error": 13.35637827234826,
    "max_error": 44.96779634408242,
    "min_error": 0.0,
    "mse": 129.12857455435423,
    "mae": 6.113815432647529,
    "r2": -2.166298148220663
  },
  "ensemble": {
    "mean_error": 4.4190568666416254,
    "std_error": 4.956361476447834,
    "max_error": 18.057661834830125,
    "min_error": 0.011039183212687296,
    "mse": 22.046791337914325,
    "mae": 2.9726635705842033,
    "r2": 0.4594014932143333
  }
}